"i","x1p1","x1b1","x1p2","x1b2","x2p1","x2b1","x3p1","x3b1","x3p2","x3b2","x4ap1","x4ab1","x4bp1","x4bb1","x5p1","x5b1","x5p2","x5b2","x6p1","x6b1","x6p2","x6b2","x7p1","x7b1","x7p2","x7b2","x8p1","x8b1","x9ap1","x9ab1","x9bp1","x9bb1","x10p1","x10b1","x10p2","x10b2","b0"
1,1,-0.2636599488372343,,,1,-0.3410306690930864,1,-0.3334296561743835,,,1,-0.5896038344431077,1,-0.2449883510617031,0,-0.6558111897856319,3,0.1934907532816359,-0.5,-0.0355702089872216,,,1,0.6933811729994381,,,1,0.2800388404160414,,,,,3,0.0167752714368294,,,12.478401953765143
2,1,-0.1395196230913843,,,,,1,-0.2514135404611815,,,1,-0.5149278421057116,,,-2,2.98865949074e-05,0,-0.5191676522918833,-0.5,-0.0454097402695371,,,1,1.030760607742952,,,1,0.4400534282648131,,,,,1,0.1363714304273584,,,12.228987257758895
3,1,-0.2066803089708925,,,,,1,-0.1337050473364097,,,1,-0.4112463829007554,,,-0.5,0.2104675982707334,,,-0.5,-0.0389752868165179,,,1,0.8940043536582328,,,1,0.4501260619602207,,,,,,,,,11.962388981995064
4,,,,,1,0.3061710622679318,,,,,1,-0.4446275996099101,,,0,-0.6633975718357755,3,0.1715333433911218,-0.5,-0.0481299351910958,,,1,0.7916409379749081,,,1,0.7373452490378382,,,,,,,,,11.708934373235756
5,-2,-105.0187706012751,-0.5,41.83763178070583,1,-0.4541647254703774,3,-0.0111964464601697,,,1,-0.6005380149006405,,,-0.5,0.2526842504268679,,,-0.5,-0.0466676969394193,,,1,1.178922873942252,,,1,0.4711831360591953,,,,,1,0.2159644116026561,,,12.601466563698853
6,1,-0.2778732888202836,,,1,-0.3371240004291686,1,-0.2265642897893617,,,,,,,-0.5,0.2397486209655499,,,0,0.292661531939449,,,-1,0.000539075068243,3,0.2746607511691128,1,0.4940912340361126,,,,,-1,-0.0639202359265736,,,11.907630722456428
7,1,-0.1716756434207169,,,,,1,-0.2501688587708746,,,,,,,-0.5,0.2366057808586752,,,-0.5,-0.0442465835528776,2,1.626646885380642,,,,,1,0.3260742048197555,,,,,1,0.1441410601860542,,,11.604730613034647
8,1,-0.2107428473013107,,,,,3,-0.0108794450682939,,,1,-0.3715898682590768,,,0,-0.7292174259372255,3,0.2003391775379766,0,0.2485222498932898,,,1,0.6488296274363171,,,1,0.3202970457675153,,,,,1,0.1743776874177047,,,12.112214049453767
9,1,-0.2011705081495531,,,,,1,-0.2044200957629469,,,1,-0.4726809523505508,1,-0.2471743436834066,0,-0.6631897046393042,3,0.1777743310342594,-0.5,-0.036822165891596,,,1,0.7414222418546427,,,1,0.323470568201182,,,,,1,0.2301425455896992,,,12.24603982680114
10,2,0.2423129750061603,2,-0.1205490032764349,1,-0.2879341977908856,1,-0.1836781803737268,,,1,-0.5563942809069373,,,0,-0.6235829768348953,3,0.1754114844388785,-0.5,-0.0423977109150194,,,1,0.5938886270637554,,,1,0.3692435622764423,,,,,1,0.1622284815745562,,,12.619721404758765
11,3,-0.0020828707743503,,,,,1,-0.2402960162876372,,,1,-0.4621154243334499,,,0,-0.6024569422521464,3,0.1946889348955084,-0.5,-0.0481806009703573,,,,,,,1,0.2933110410903077,,,,,-2,-0.0091616786556428,3,0.0133326825447565,12.12636049019775
12,-1,-101.5724818803227,-0.5,97.45234630132602,1,-0.4307453423868639,1,-0.2999029280542169,,,1,-0.4237437623909757,,,-0.5,0.2225031749219691,,,-0.5,-0.0470167275685573,,,,,,,1,0.2921275435824572,,,,,-0.5,-0.3231911422347423,3,0.0156050411380735,12.4339089173343
13,1,-0.3052883948962347,,,1,-0.2950221291389508,1,-0.2500549165485504,,,,,,,0,-0.6795495267403219,3,0.1717137107203759,0,0.2753274059398925,,,-2,5.61585458965e-07,1,0.8603992700452244,1,0.5115715092789974,,,,,3,0.0170975984112847,,,11.809995364967296
14,-2,-196.1180665021003,-2,194.342269882238,1,-0.4510074500527543,1,-0.2276056551724034,,,,,,,-0.5,0.2282267857330651,,,0,0.2728061529662782,,,0,0.066941451390921,,,1,0.2657372157464966,,,,,1,0.1385289996710835,,,12.33062961180661
15,3,-0.0022339963496302,,,,,1,-0.2374290012808844,,,,,,,-0.5,0.2357529465907046,,,0,0.2549399806854634,,,,,,,1,0.3582404862698164,,,,,1,0.2089278376812648,,,11.849885212678176
16,3,-0.0037424827455567,,,1,-0.4105014675903288,1,-0.2292965604666213,,,1,-0.3441372631413426,1,0.2561124443043453,-0.5,0.2127222615345042,,,0,0.3004337180987535,,,,,,,,,,,,,1,0.1503199975264218,,,12.65207917413199
17,-2,-127.7338562476882,-2,126.7737798810002,,,1,-0.1840706232427409,,,,,,,-0.5,0.1904173508239967,2,-5.758907262766416,0,0.2620901964843205,,,,,,,1,0.2620647960801206,,,,,-0.5,-0.429548469233128,,,12.05603818424197
18,1,-0.2508964788980662,,,1,-0.3843877783459312,1,-0.2753979331101671,,,1,-0.8887965111094135,,,-0.5,0.2103828710878887,3,-7.402986100404471,-0.5,-0.0526052374711712,,,,,,,1,0.3251434886070055,,,,,3,0.0190174395861306,,,12.80630589867455
19,1,-0.2190672019427084,,,,,1,-0.2756248032393985,,,1,-0.3457426445310734,,,0,-0.6736762545318519,3,0.2211376409342202,-0.5,-0.0373156245715954,3,1.590278354512321,,,,,1,0.4001741362660229,,,,,1,-1.013551122595674,1,0.7003433791868547,11.753605820998033
20,1,-0.2270708624279342,,,,,1,-0.276813582526847,,,,,,,0,-0.6585566794944994,3,0.1805079892321828,0,0.1651855758328354,,,1,0.4740659895357718,,,1,0.3438701993490202,,,,,1,0.1517358409107036,,,11.748223113502535
21,1,-0.1746250881587798,,,,,3,-0.0124083018699581,,,1,-0.3735556282734849,1,-0.2555438326249997,-0.5,0.2301528043903924,,,-0.5,-0.0415530746111208,3,1.230637717438643,,,,,1,0.34807338622879,,,,,1,0.2181952615091296,,,12.124991931367507
22,1,-0.1485706731531439,,,,,1,-0.2500259750352113,,,1,-0.3531163991114195,,,0,-0.6378494199931449,3,0.1771961490949327,0,0.2174465174668935,,,,,,,1,0.3706479154394227,,,,,-2,-0.0101791714984092,3,0.0132238895055624,12.119831615247056
23,1,-0.2697110761513631,,,,,1,-0.3042320662160787,,,1,-0.3057726372891418,,,-0.5,0.2452613135915191,3,-6.897445752856581,0,0.2554552531336013,,,-1,-0.0117263468470932,-1,-0.0017563435083418,1,0.4734846646812969,1,0.1531251984675384,1,-0.2941638751050323,3,0.0134391683892945,,,11.961336523506315
24,1,3.834295466246067,1,-1.511610191115033,1,-0.2668978298320816,1,-0.1961693980191644,,,1,-0.3581738245171779,,,-0.5,0.2114939146811261,,,-0.5,-0.0423847645522676,,,1,1.544170004436678,,,1,0.4869292597723242,,,,,1,0.1943450257805886,,,12.327909410843299
25,-2,-186.1695531648621,-1,80.25165626011706,1,-0.3214068820891491,1,-0.2338304013404066,,,1,-0.2769571999408834,,,0,-0.7085758269669579,3,0.2094856325754841,0,0.2598379526026061,,,,,,,1,0.3351071438860602,,,,,1,0.1169711780710155,,,12.397814094484778
26,1,-0.1991413153048411,,,,,1,-0.2778510043651745,,,1,-0.368947254300859,,,0,-0.6885356532593959,3,0.208616833484708,0,0.2098076846048544,,,,,,,1,0.3205832457937231,,,,,3,0.0177203096368409,,,11.983448865026805
27,2,-0.0356979233601632,,,1,-0.4726039579482964,1,-0.2049594913023661,,,1,-0.4553244729612704,,,-0.5,0.2244864260430626,3,0.0915904263496409,0,0.2767950246940862,,,,,,,1,0.2787819029389305,,,,,,,,,12.516430384707391
28,3,-0.0018722987800406,,,,,1,-0.2644403026868541,,,1,-0.6321607595305492,,,0,-0.6489341985705949,3,0.1838924716227152,-1,-0.0011677339794667,,,1,1.005305499535394,,,1,0.2205755795125811,,,,,3,0.0113349546833352,,,12.33713642188266
29,1,-0.2331732652895895,,,,,1,-0.246671422415621,,,,,,,0,-0.6635373345555714,3,0.1823571049973191,-2,-1.00185659121e-06,0.5,1.428568802224443,,,,,1,0.4588826676999824,,,,,1,0.1369429681075618,,,11.694069415596022
30,,,,,1,0.2128585662503164,1,-0.3457479405324636,,,,,,,-0.5,0.2410546563507421,,,0,0.2236382836264345,3,1.225855689750572,,,,,1,0.3980984080381217,1,-0.1247377462373825,1,-0.6412912390220621,,,,,11.592323898763187
31,1,-0.2127178319860735,,,,,1,-0.1761715422688508,,,,,,,0,-0.6977865120435356,3,0.1978314604982062,-0.5,-0.0332923918987947,1,1.332569754946295,,,,,1,0.4321715701418769,,,,,-0.5,-0.4237604179375357,,,11.723429943011196
32,3,-0.0040258521841344,,,1,-0.5393761738993578,1,-0.197141281876973,,,1,-0.6098160423552454,,,-0.5,0.2553208209628714,,,0,0.1925394823251247,,,,,,,1,0.2094456305944183,,,,,1,0.1359495833309368,,,12.65049397886601
33,3,-0.0021114769085954,,,,,1,-0.3249681254410172,,,,,,,-0.5,0.211703496393705,,,0,0.2754061806188733,,,,,,,1,0.4222311175788374,1,-0.3308152056025411,1,-0.2490056829130846,1,0.1567042243313045,,,11.907917422203916
34,1,-0.2166572154181807,,,,,1,-0.2441320339145761,,,1,-0.5919583329542627,,,-0.5,0.2100789169184031,3,-7.772174103260189,0,0.2020369004394581,,,,,,,1,0.1960359057039518,,,,,-1,-0.0781252307046243,3,0.0133338236188494,12.29481560434742
35,-2,-169.5573856291074,-2,173.1678876822936,1,-0.4160387635871236,3,-0.0134122042479272,,,1,-0.5819055803308377,1,-0.3395685007013116,-0.5,0.2510937110316709,,,-0.5,-0.0401293078611412,,,1,1.313808340719952,,,1,0.4456729398845283,,,,,-2,-0.0078075363107098,3,0.0151998451393409,12.605853417994322
36,-1,-20.27473961048463,1,-0.9375837022294193,,,1,-0.3323964002143705,,,,,,,-0.5,0.2385815632856365,,,0,0.2608209740011275,,,-1,-0.0184841742745548,-1,-0.0026558116400713,1,0.3639346327303092,,,,,1,0.2261586658659608,,,11.919494798528659
37,3,-0.0026626404652169,,,,,1,-0.241437864740885,,,1,-0.5343771273537087,,,0,-0.6875723172098614,3,0.2052508375580694,-2,-9.26281915261e-07,0.5,0.9924202760233517,,,,,1,0.2564608831986708,,,,,1,0.2466769036487069,,,12.274721986177248
38,3,-0.0025453071167267,,,,,1,-0.2618610868172153,,,1,-0.4430499547036584,,,0,-0.6075253219403817,3,0.1763902425676354,0,0.2043913700582022,3,1.182804871477627,,,,,1,0.2930233271967007,,,,,1,0.1630545237970197,,,12.237217456022549
39,1,-0.2078392158259204,,,,,1,-0.2343927825931788,,,,,,,0,-0.7608111115664737,1,1.240116398168923,0.5,1.602505249118047,,,-2,3.97520895706e-07,3,0.227285300190424,1,0.3020855184341194,,,,,1,0.3047327407155934,,,11.561756548162812
40,-2,-195.4357181618496,-1,86.55642403530813,1,-0.4483411094284489,1,-0.2832691276428905,,,1,-0.7496504001894437,,,0,-0.7011583852694417,3,0.209609057233489,-1,-0.0013339849208713,,,1,0.8017974838311979,,,1,0.306416785050237,,,,,1,0.1615930541250839,,,12.869816618317353
41,1,-0.1895646627441188,,,,,1,-0.206781247006689,,,1,-0.2903570683477018,,,0,-0.7267956565605217,,,0,0.244499379228753,,,,,,,1,0.4226657873771452,,,,,,,,,11.89355274620863
42,1,-0.2359412977647414,,,,,1,-0.2331109493078965,,,,,,,-0.5,0.2163868372352205,3,-10.57446523164921,-1,-0.0009299195352709,1,1.653289177133207,,,,,1,0.3275852509910238,,,,,-1,-0.0738426774635493,3,0.0093857290022381,11.671347165505649
43,1,-0.14830028401661,,,,,1,-0.2196907769571245,,,,,,,-0.5,0.2053092013434303,3,-13.04464776793256,0,0.2619836374769741,,,1,0.5121161407582122,,,1,0.5101024183511237,,,,,1,0.1506347391883352,,,11.7634614311485
44,1,-0.2891319980189219,,,1,-0.2674563159541388,1,-0.3353241694778002,,,,,,,-0.5,0.2176613487178795,3,-9.41743624760506,-2,-9.83570657115e-07,1,1.251186719887895,,,,,1,0.51038374169861,,,,,-0.5,-0.3979386541992528,,,11.757195785066266
45,3,-0.0021448770099853,,,,,1,-0.2317649763609817,,,1,-0.738996648199321,,,-0.5,0.2058122084081926,,,-0.5,-0.0346310205162946,,,1,0.7686628696426072,,,1,0.2511754014483115,,,,,1,0.1691111517307813,,,12.364510335573815
46,1,-0.2971633969247701,,,,,1,-0.1576258555304932,,,1,-0.4122803248009725,,,0,-0.6696581575189888,3,0.2061547808937178,0,0.2475182995507178,,,,,,,1,0.3378997276163688,,,,,3,0.0126747480187122,,,12.119432113257826
47,3,-0.0031732304184028,,,,,1,-0.2289900621165545,,,,,,,0,-0.6812594709778527,3,0.1841182870746055,0,0.2206264857036606,,,1,0.5172058347846064,,,1,0.3592214296319178,,,,,,,,,11.809998718659685
48,1,-0.1464430337928117,,,,,1,-0.2132361795310038,,,1,-0.3782934153302288,,,0,-0.653626883903258,2,0.4713527555295195,0,0.2034248851162848,,,,,,,1,0.230462011090538,,,,,1,0.203293334675464,,,12.109710913594025
49,1,-0.3306070994695744,,,1,-0.2721398654318549,1,-0.2394232064651092,,,,,,,-0.5,0.2145228263563838,3,-10.22081436035664,0,0.2754431932832137,,,1,0.7202330283019528,,,1,0.4419939433864843,,,,,3,0.0126494891460993,,,11.971611531046602
50,1,-0.1728365210353427,,,,,1,-0.1620224755174288,,,1,-0.5846615398119621,,,0.5,-5.233575013148614,3,0.4990345336900285,-2,-7.9139203788e-07,0.5,1.24504637114929,1,0.76221853981318,,,1,0.2892979272025051,,,,,3,0.0120408115928055,,,12.476310008017697
51,3,-0.003569932987511,,,1,-0.5091019792957462,1,-0.3292171654318288,,,1,-0.4445574067487563,,,-0.5,0.2460006089703831,3,-5.632821631213305,-0.5,-0.0430427829353417,,,1,0.7461144413993007,,,1,0.1887883705858422,,,,,-1,-0.0783242954180277,3,0.0080884339253573,12.546278580053874
52,1,-0.2221691700908392,,,,,1,-0.2635654070475023,,,1,-0.4311766967711607,,,0,-0.6448149518642311,3,0.1993956905009225,-0.5,-0.0427210349892826,3,1.565435484756099,,,,,1,0.327934638907392,,,,,1,0.2086790768262997,,,12.095470065584662
53,1,-0.2023728517149189,,,1,0.2670055308277349,1,-0.2051266105829537,,,1,-0.5346134281452619,,,-0.5,0.212434862387367,,,0,0.269972844324934,2,-1.77534273426413,1,0.8212534123725042,,,1,0.2443297906419574,,,,,1,0.1504478500516881,,,12.128323609861926
54,1,-0.2560930293138781,,,,,1,-0.223431811456237,,,,,1,0.20378421793976,-0.5,0.246081208373728,,,-2,-1.29763060005e-06,0.5,1.733260415684701,-2,5.77534143497e-07,,,1,0.2461958401714249,,,,,3,0.0108651499187374,,,11.504356264099249
55,1,-0.2286820459101577,,,,,1,-0.2394816585510548,,,1,-0.4631316187890648,,,-2,4.63048776328e-05,0.5,-3.396367066885889,-1,-0.0009674898293153,3,1.438499367838358,1,0.7230381524362589,,,1,0.324761217147364,,,,,1,0.1945608646620971,,,12.141585616433401
56,3,-0.0035159941170426,,,1,-0.4919727114146708,1,-0.2312697959199747,,,1,-0.4221971602115996,1,-0.3202329514748296,0,-0.6197401519588419,3,0.1998170792835952,0,0.2289756172697986,,,,,,,,,,,,,1,0.1872454942448013,,,12.826714625525588
57,1,-0.1620180721102024,,,,,1,-0.1867840738886606,,,,,,,0,-0.6805851742204609,,,0,0.2774495520122419,,,,,,,1,0.4189263451829773,,,,,,,,,11.794885860573078
58,3,-0.0030169891265745,,,1,-0.2947012525344087,1,-0.2660285007338769,,,1,-0.5616282217794545,,,-0.5,0.2275596075924417,3,-7.905220600449492,0,0.2174108800357817,,,1,0.7530372364949736,,,1,0.3083807246508727,,,,,1,0.1251230315013234,,,12.539530607579259
59,1,-0.1002836888856007,,,,,2,-0.0357409948035162,,,1,-0.4565986834107065,,,-0.5,0.2112499536750038,3,-10.8786462752549,-0.5,-0.0431731680412766,,,1,0.9798323397214311,,,1,0.3414488241821652,,,,,3,0.0142037407696897,,,12.169285945908252
60,3,-0.0022161174385561,,,,,1,-0.2066126640129945,,,1,-0.3805616653907807,,,0,-0.5562065233715556,,,0,0.2306367127584698,,,1,0.7060507724804533,,,1,0.5375598541792121,,,,,1,0.1266831891893207,,,12.195041601315753
61,1,-0.1980927139271539,,,,,3,-0.0115242102926825,,,1,-0.5757183595331624,,,-0.5,0.2157004181707005,3,-9.063220586903297,0,0.2434862136142292,,,,,,,1,0.2955867086382142,,,,,1,0.2399126852436539,,,12.363401554684057
62,1,3.602029927679797,1,-1.452691988461548,1,-0.3009459556239337,1,-0.1631402336372752,,,1,-0.3621691603810459,,,0,-0.6410388649363914,3,0.1899495674997714,0,0.2159372700600942,,,,,,,1,0.3620743887208046,,,,,1,0.143454211122751,,,12.475432143515306
63,1,-0.1926499999094279,,,,,1,-0.2763520501618472,,,,,,,-0.5,0.2607141765220392,,,0,0.2794914218654201,,,,,,,1,0.4391408965456702,1,-0.054540148559854,1,-0.6236709264391547,1,0.1435551453338168,,,11.742100692937575
64,1,3.461070424067594,1,-1.367168452740143,1,-0.3008518314167643,1,-0.2932999297678541,,,,,,,-0.5,0.2484585538457576,,,0,0.2761494037934734,,,-1,-0.0148352524746611,-1,-0.0021104952577865,1,0.4521858569379396,,,,,1,0.1742170486019289,,,12.13787360041761
65,1,-0.2127172947068969,,,,,1,-0.2887864188568754,,,1,-0.4649022875062721,,,0,-0.6838456317079874,3,0.1956411723549784,0,0.2143798204986487,,,,,,,1,0.394691737468967,,,,,1,0.2045889671695282,,,12.163457335339704
66,2,0.2192060605022398,2,-0.1056545290812134,,,1,-0.2319838287958797,,,1,-0.5006222813622514,1,-0.1856687383119458,-0.5,0.2106177551466461,,,-0.5,-0.0397327804291204,,,1,0.8794212329929446,,,1,0.3032053829179975,,,,,1,0.1355699907348262,,,12.36246322530462
67,,,,,1,0.3377215670145157,1,-0.197030975680017,,,1,-0.4708062851275436,,,-0.5,0.2124563469032294,,,0,0.244443796464516,,,1,0.6853825323260619,,,1,0.3745806082700067,,,,,1,0.1370977544015613,,,11.9142233163968
68,1,-0.1037692848904975,,,,,1,-0.2834880729519074,,,1,-0.6449567385043911,,,-2,4.94863779814e-05,0,-0.331612631906242,-0.5,-0.0483470762601506,,,1,0.9993865873576845,,,1,0.4592456818264393,,,,,1,0.2515488418472666,,,12.312634860197946
69,1,-0.1899445617712522,,,,,1,-0.2240746461079761,,,1,-0.4030675494923524,,,0,-0.640626819898545,3,0.1603985781968909,0,0.2064285420290502,,,1,0.8328734706751969,,,1,0.4290804014826192,,,,,1,0.145985016762078,,,12.08192320333916
70,1,-0.2011041949225216,,,,,1,-0.2406752946576041,,,,,,,-0.5,0.2196401818899181,3,-11.79409758115317,0,0.2530128168501807,3,0.8335012310882703,,,,,1,0.2700216891215947,,,,,-2,-0.010350386833813,3,0.0144052400095835,11.809415993098884
71,-2,-25.23051039831757,2,-0.0560364680470623,1,-0.2836294580927033,1,-0.2232250936944606,,,1,-0.5210256369584025,1,0.2068563804753583,0,-0.8781701570684027,0.5,2.547584318709958,0,0.2585352995623339,,,,,,,1,0.2681172425627355,,,,,1,0.2034201386182787,,,12.529675960210898
72,3,-0.002122488571018,,,,,1,-0.2519486109381774,,,1,-0.5154959619600253,,,0,-0.5388859090023593,3,-7.993091273784739,-0.5,-0.0380962411198815,3,1.686586389814376,,,,,1,0.2885308638439386,,,,,1,0.1604850363884777,,,12.245084548395052
73,1,-0.2299968411046075,,,,,1,-0.274299287905716,,,1,-0.3891019936147036,,,0,-0.7138713747435943,3,0.2270931400745229,-2,-5.84296154045e-07,0.5,1.465904574366746,,,,,,,,,,,-2,-0.0103070864111638,3,0.0185000357377325,12.095537887044832
74,1,1.476481071001452,2,-0.1496997753777341,,,1,-0.2294110438885811,,,1,-0.6307887495266131,,,0.5,-5.50390131336452,2,1.3141490783713,-0.5,-0.0453560515380099,,,,,,,1,0.2009295543957493,,,,,3,0.0165542978944179,,,12.546761393875913
75,1,-0.1574253709631613,,,,,1,-0.2356231281757856,,,,,,,-0.5,0.201294577042051,,,-0.5,-0.0388006228856951,3,1.205241539431219,1,0.8247902018976249,,,1,0.399729702320705,,,,,1,0.2715003202229545,,,11.657516628205205
76,1,-0.1727045857289814,,,,,3,-0.0099307643033531,,,1,-0.5801953248526621,,,0,-0.663036532991613,,,-0.5,-0.0396385984010353,,,1,0.7802753155229447,,,1,0.4290365578636688,1,0.1135938338160125,1,-0.4346187392040097,1,0.1930410883773079,,,12.229420974834389
77,0.5,20.04752646127957,0.5,-5.909986166534479,1,-0.3176196968766235,1,-0.3008246634187213,,,,,,,0,-0.6926425850342759,3,0.1921959148956506,0,0.271510856687083,,,,,,,1,0.4559842566495475,,,,,3,0.0127881187073677,,,12.07210467041566
78,-2,-158.1254357123302,-2,157.2638625146492,,,1,-0.2642832593901234,,,,,,,0,-0.6741904688362702,,,0,0.2259935767996636,,,1,0.5919032321732506,,,1,0.3997106505616294,,,,,3,0.0166375173259612,,,11.778558364085603
79,0.5,20.11795154350484,0.5,-5.690622042410399,,,1,-0.2009658417513109,,,,,,,0.5,-5.206934827492709,3,0.4900104551067817,0,0.2442134494979991,3,0.6124001681360566,1,0.8065635506081211,,,1,0.3520868624504473,,,,,0,-0.4018248191549417,3,0.0220792523663173,11.93953728285344
80,1,-0.246539949486412,,,1,-0.42842556838285,1,-0.1896310713939287,,,1,-0.6803482756649211,,,-0.5,0.2274345840244104,3,-8.542880410347259,-0.5,-0.0409650745189401,2,0.8331822837626494,,,,,1,0.3305144059279961,,,,,1,0.2140570423196784,,,12.605539664582484
81,1,-0.1984794482184367,,,,,1,-0.2493528636316673,,,1,-0.436666687365722,,,0,-0.6831324785952296,3,0.2006362233444275,-0.5,-0.0575263815326163,,,,,,,1,0.3682743379879329,,,,,1,0.3005806623687172,,,12.149143687988992
82,-0.5,-100.3832063646424,0,-23.22007548891535,1,-0.353188021082581,1,-0.3158540434131157,,,1,-0.3330581549388206,,,-0.5,0.2397961676743426,,,0,0.230789053692073,,,1,0.4855920593314483,,,1,0.4620589054298127,,,,,1,0.2518565698877683,,,12.39199488469943
83,1,-0.2611752163000504,,,,,1,-0.2038571730677769,,,,,,,-0.5,0.2110548929807426,,,0,0.2099574038374273,,,-2,5.53281319102e-07,0.5,1.311778658701536,1,0.3203156334367065,,,,,1,0.2914973154894999,,,11.813232536818791
84,1,-0.2316333286220774,,,,,1,-0.1834225858981022,,,,,,,-0.5,0.2115479861844396,3,-6.933148527114306,0,0.26703930745058,,,1,0.729257804749617,,,1,0.2618121733213781,,,,,3,0.0134258021618519,,,11.818006128000553
85,1,-0.1274919668484477,,,,,1,-0.3005852002525128,,,1,-0.3537605227832641,,,-0.5,0.2327767462511326,,,0,0.2135172878035281,,,1,0.6946267217375285,,,1,0.4741035221025242,,,,,1,0.2588439813979658,,,11.925804783220265
86,3,-0.0023917895876654,,,,,1,-0.2557891365102459,,,1,-0.5054185451914808,,,0,-0.5634559757595887,3,0.156823677069429,-0.5,-0.0400643202494113,,,1,0.7101015314933548,,,1,0.3327629511354522,,,,,3,0.0178206834817404,,,12.228596303822005
87,1,-0.1271541147986394,,,,,1,-0.250452584545333,,,,,,,-0.5,0.2291029573166163,,,0,0.2444683719235274,,,,,,,1,0.4056755019223976,1,-0.2732829006556482,1,-0.4734499772176634,1,0.1824600910430006,,,11.761721403328844
88,1,-0.2007218790866713,,,,,1,-0.236487528296767,,,1,-0.6777435578048311,,,0,-0.7105674677300073,3,0.2421187640164817,-0.5,-0.0471337346508626,,,,,,,,,,,,,1,0.2192996878371688,,,12.409170886924146
89,1,-0.2073358732292596,,,,,1,-0.2261876040512724,,,1,-0.5370719257904858,,,-0.5,0.2205364095807976,,,0,0.2219886087542491,,,,,,,1,0.3163128149577381,,,,,1,0.1527526128957882,,,12.24470992780865
90,1,-0.2254310483320033,,,,,1,-0.1963050664745474,,,1,-0.4215746752193609,,,0,-0.7154988786775731,1,1.190755241129609,0,0.2232691162878971,,,,,,,1,0.3950317204151475,,,,,,,,,12.099363741416463
91,,,,,1,0.2829258335369106,1,-0.2027050437943942,,,1,-0.3477181742515875,,,0,-0.6077870529915906,3,0.1457763370050379,-1,-0.0007903314927369,1,0.9956675350562427,1,0.8944360868941056,,,1,0.4546854699600366,,,,,1,0.177256819482558,,,11.711934350686906
92,1,-0.1868938099887794,,,,,1,-0.2536345115477044,,,,,,,-0.5,0.261434103833579,,,0,0.2622224306541515,,,,,,,1,0.4541684969810276,,,,,,,,,11.560052166846184
93,3,-0.0026976708767142,,,,,1,-0.2722523273747707,,,,,,,-0.5,0.2313989969233971,3,-12.0796503522976,0,0.2625531086908209,,,,,,,1,0.326496238649061,,,,,-1,-0.0794658793409172,3,0.012655316928206,11.808703394924672
94,1,-0.1965366618826598,,,,,1,-0.3307237750529443,,,1,-0.4238990121687621,,,-0.5,0.2651946270416485,,,0,0.1828215473100475,,,1,0.9378071990349133,,,1,0.6121280423031584,,,,,1,0.1677387519856925,,,11.966872478007183
95,3,-0.0022843272077153,,,,,1,-0.3112429904198851,,,1,-0.5529916524737045,,,-0.5,0.1967513618883994,1,-2.315351824736704,0,0.2684854102811315,,,,,,,1,0.2873378574820502,1,-0.2469695177530945,1,-0.4371305062698079,1,0.2963684066198165,,,12.567531282456219
96,,,,,1,0.2191539730100529,1,-0.1985902926657626,,,1,-0.5029413590760862,,,0,-0.5889802193548267,3,0.1427196813724757,0,0.1914947868098498,,,1,0.577500555834134,,,1,0.3160371532524319,,,,,1,0.2041971527387432,,,12.184380734272501
97,3,0.0266118861602777,3,-0.0136433503260613,,,1,-0.2208939103057634,,,1,-0.3466598503053472,,,-0.5,0.1747150363671252,3,-11.70410000787554,0,0.1843133559005238,3,0.7600007869643887,1,0.7015516858789987,,,1,0.3590042057797914,,,,,1,0.2014347011585225,,,12.252977603261625
98,0.5,12.72414116282768,1,-2.999985564153427,1,-0.3260778975661975,1,-0.3886103910892793,,,,,,,-0.5,0.2310486277783393,3,-7.138565253153981,0,0.3314635870764034,,,-0.5,0.0144910417676732,,,1,0.4576225742406293,1,-0.3628440160642886,1,-0.5999843211720786,1,0.2276012107641785,,,12.287879559923828
99,1,-0.1762703616286785,,,,,1,-0.2226356188304191,,,,,,,-0.5,0.2114451549564895,,,-0.5,-0.056444927409479,3,1.497209071936475,,,,,1,0.2865230506866264,,,,,1,0.2149241322325177,,,11.801875319228749
100,,,,,1,0.3726366172560418,1,-0.1776581446990087,,,1,-0.4252987135794815,,,0.5,-4.810518881366232,3,0.4670956189954582,0,0.1983256313667385,,,,,,,1,0.2761205061648372,,,,,1,0.1597548722406843,,,12.049928792347451
101,3,-0.004074994814391,,,1,-0.4123010890589679,1,-0.3013742230304383,,,1,-0.3169858883691891,,,0,-0.7118946659274045,3,0.2040816560668202,0,0.2546015057318476,,,,,,,1,0.4308742333872631,,,,,3,0.012014809496474,,,12.361747545465061
102,1,-0.2838868029989138,,,,,1,-0.3359352144656462,,,1,-0.6945810370528499,1,0.2643649103733026,-1,0.0127517397325052,1,-3.979034962960039,0,0.2666166929369337,,,,,,,1,0.2836380512663032,,,,,-0.5,-0.4012872861602127,3,0.0156077471130559,12.478005791191404
103,1,-0.1784994207161248,,,1,-0.2274824404703674,1,-0.1941319582857913,,,1,-0.3340530181452536,,,0,-0.6144058812215109,3,0.1738551719081108,-0.5,-0.0477633784993663,,,1,0.8867918718865023,,,1,0.2736776556158013,,,,,-1,-0.1110121933244885,,,12.275318270064918
104,1,-0.1929456888697385,,,,,1,-0.3032289032457035,,,,,,,-0.5,0.2155972453060542,3,-11.39867367022503,0,0.2379078850716999,,,,,,,1,0.2722969722630872,,,,,-2,-0.0103139031750094,3,0.0135970138016489,11.816333565025637
105,1,-0.2984590837472624,,,1,-0.2384222072012955,1,-0.2707464689942984,,,1,-0.406495778189325,,,0,-0.5996321581737919,,,0,0.2393104433652423,,,,,,,,,,,,,1,0.2478878231454612,,,12.505693648115463
106,,,,,1,0.2528852599257988,1,-0.2048438121461907,,,,,,,0,-0.651961616995959,3,0.1800844685410588,0,0.2859487592448178,,,,,,,1,0.4769374138163194,1,-0.1435356033370727,1,-0.5324048264885965,3,0.0133263996584049,,,11.519254444041383
107,1,-0.354297352722005,,,1,-0.2875279271767926,1,-0.2120315641444871,,,1,-0.6578492113226696,,,0,-0.7177877748855783,3,0.2068480568392589,0,0.2168598136992916,,,1,0.653378982461333,,,1,0.2921024017786933,,,,,-2,-0.0094982694471615,3,0.0108278568090825,12.541150460933318
108,1,-0.2602018304230303,,,1,-0.2875711198120847,1,-0.2052944095999806,,,1,-0.7723870066786815,,,-0.5,0.2057112977448796,3,-8.260868063284558,-0.5,-0.0464145471152705,,,,,,,1,0.3748494544060878,,,,,-2,-0.0061143233174516,3,0.009460298504662,12.705902293404046
109,3,0.0294793331704573,3,-0.0151905069045601,,,1,-0.3225608774541646,,,,,,,0,-0.7139235415577042,1,1.071472425188002,0,0.2852659907451559,,,,,,,1,0.3611858443808369,1,-0.2206531863345403,1,-0.4966474929804142,3,0.013541998824288,,,12.036234889184069
110,1,-0.2346107416259732,,,,,1,-0.1906366745792898,,,,,1,-0.3166646602612583,0.5,-5.523406125731812,3,0.5375751505013993,0,0.2041891199105938,3,0.8082892434828604,,,,,1,0.3967626090539536,,,,,1,0.2100675913944202,,,11.95966221517617
111,1,-0.1951153648488584,,,,,1,-0.2106797226405996,,,1,-0.4365150686260321,,,0,-0.6801484964844348,3,0.2014374620621902,-0.5,-0.0385505445922035,1,1.486494565635484,,,,,1,0.2213743604579653,,,,,1,0.2600244874008101,,,12.133147994456861
112,1,-0.2453915471979209,,,,,1,-0.2755179270319849,,,1,-0.307559074395456,,,0,-0.6824977610701959,3,0.2054362434152318,-2,-9.69276356292e-07,1,1.130726740876653,,,,,1,0.4814955787178911,,,,,-2,-0.0060764934026972,3,0.0094704741553411,11.791375932838593
113,-2,-152.996990364594,-2,151.1602480388818,,,3,-0.0105449238904373,,,1,-0.3584220524564344,,,0,-0.6324597137022204,3,0.1925839755926398,0,0.2309150940334581,,,1,0.5022679940440471,,,,,,,,,,,,,12.369144902259752
114,3,-0.003260452392119,,,1,-0.2477122941504278,1,-0.2441662991161225,,,1,-0.6534594203105205,,,-0.5,0.2203419692265817,,,-0.5,-0.0496315361202303,,,1,0.7338349706789993,,,1,0.305307975669995,,,,,1,0.2395573943965315,,,12.642397179039737
115,3,0.0209215467696589,3,-0.0106489550090513,,,1,-0.1728398755734124,,,1,-0.4880427120204895,,,-0.5,0.2093599551828915,,,-0.5,-0.0492935151450376,,,1,0.92347668577037,,,1,0.2619897694926489,,,,,,,,,12.276019206220743
116,1,-0.2145924580829302,,,,,1,-0.2655411303219785,,,,,,,0,-0.6632123613729832,3,0.1866058445810327,-2,-9.29546668209e-07,0.5,1.983176592887504,,,,,1,0.3511520149301629,1,-0.2713761687502134,1,-0.4153199927106172,1,0.1451994658033999,,,11.922924970006363
117,3,-0.0024236421135809,,,,,1,-0.2145011682897451,,,1,-0.3474317633935181,,,-0.5,0.1817424701167355,3,-11.13302256104714,0,0.1774490504644171,3,0.8228916676652873,,,,,1,0.4286703823606655,,,,,3,0.0194975814376438,,,12.069836937606095
118,1,-0.1449876105701644,,,,,3,-0.0095649135346112,,,1,-0.5546686106892644,,,-0.5,0.214657839414507,3,-10.2207495323031,-0.5,-0.0413483784226686,3,1.020406721530678,1,0.7924690192412026,,,1,0.2661402874985481,,,,,1,0.1090316029430869,,,12.28247601174974
119,1,-0.3057762215181263,,,,,1,-0.2122517899843323,,,1,-0.2644672590351206,,,-0.5,0.2047422892445798,,,0,0.1911285360985552,,,,,,,1,0.2559169445729015,,,,,1,0.2954517352930007,,,12.011942952555236
120,1,-0.419658592640399,,,1,-0.4027920396230109,1,-0.2760410998224052,,,1,-0.6251327121966022,,,0,-0.6825037604605528,3,0.2100398429224961,0,0.2595228699011048,,,,,,,1,0.2696282818395068,,,,,1,0.2048029625320912,,,12.686259433286018
121,1,-0.2794058640787732,,,1,-0.2675661743088398,1,-0.2935066244846157,,,1,-0.4000009653976248,,,-0.5,0.2152687166199,3,-5.42380775388331,-0.5,-0.0471462643224675,,,,,,,1,0.3000915116652927,,,,,1,0.267702916848247,,,12.260449694377408
122,1,-0.1660207104191005,,,,,1,-0.2711588045361794,,,1,-0.6415358563527755,1,-0.2552084587479205,0,-0.6795252593470776,3,0.2115860820372927,-0.5,-0.0428590976995907,,,,,,,1,0.252733048761248,,,,,1,0.2469801879457539,,,12.334475635074446
123,-0.5,29.15057252384685,-0.5,59.22863155402558,1,-0.4120378705109374,1,-0.2644874344027147,,,1,-0.3030471503810389,,,-0.5,0.2403914208350791,,,0,0.2465020900495434,,,-1,-0.0122224654323792,-1,-0.0017891333336485,1,0.3652045712893813,,,,,3,0.0136751281825391,,,12.394960115492069
124,3,-0.0031710713729889,,,1,-0.3344765390548833,1,-0.337866855196799,,,1,-0.4161303292306254,,,-0.5,0.2372169857404475,3,-5.02486473350555,0,0.2019127828898574,,,1,0.8513654276037499,,,1,0.233260613603844,,,,,-2,-0.0088463616201019,3,0.0150055117718992,12.323784947644686
125,1,-0.2217939372636166,,,,,3,-0.0090645532478048,,,,,,,0,-0.6836686244749253,,,0.5,1.817544816884152,,,,,,,1,0.3674166885775875,,,,,1,0.1157084593516495,,,11.710404082420048
126,1,4.573196060249836,1,-1.858722448972007,1,-0.2743638403798411,1,-0.3474953846767883,,,1,-0.3485374430336659,1,-0.2871712954740381,0,-0.6682481093006465,3,0.2018226668735079,-0.5,-0.0461330774842089,,,,,,,1,0.2796684039423195,,,,,1,0.1507758290523992,,,12.456428232620272
127,-2,-138.0816926448324,-1,60.66030458176755,,,1,-0.2620741514122562,,,,,,,0,-0.7024477534164703,,,0,0.2472666293869693,,,,,,,1,0.1909118342688992,,,,,3,0.0130373642292717,,,11.955831730923217
128,1,-0.132948285792891,,,,,1,-0.2952278313041929,,,1,-0.2706338114208626,,,-0.5,0.2546639551210039,3,-8.123868470552539,0,0.3256494860451249,,,-1,0.0004270583932538,,,1,0.4106469027207935,1,-0.0592099826814883,1,-0.6454959713718861,3,0.0142453397091606,,,12.00700245168974
129,3,-0.0029540113810273,,,,,1,-0.2037254693035677,,,,,,,0.5,-5.126844468241758,3,0.4746581036977162,0,0.2187795687697834,3,0.8609991706230454,-1,0.0010016856631601,0,0.1953626282513195,1,0.4310317520326731,,,,,1,0.1639258166560942,,,11.962944564346751
130,3,-0.0023923162738435,,,,,1,-0.2235348324439959,,,,,1,-0.3054666235282587,0,-0.7329884307894292,3,0.2075431413760144,0,0.2514590410121435,,,,,,,1,0.3204229415960586,,,,,1,0.1768060538409304,,,11.828914004794555
131,1,-0.1983377347971532,,,,,1,-0.202834435803941,,,1,-0.622879030392245,,,-0.5,0.2225746747940469,,,0,0.2230458320400175,,,,,,,1,0.244194026640372,,,,,3,0.0135701869333965,,,12.254215206958467
132,3,-0.00193599879163,,,,,1,-0.2033066088217485,,,,,,,-0.5,0.2478937134833992,,,0,0.2799631819920376,,,1,0.5493505879335099,,,1,0.2335027685236792,,,,,3,0.011440466845343,,,11.768897506064498
133,3,-0.0021528098369512,,,,,1,-0.3020415016023528,,,1,-0.4105356337593272,1,-0.4443544485515648,0,-0.6588749645894636,3,0.1883049484158265,-0.5,-0.0418451369767222,,,1,0.5813725559556864,,,,,,,,,3,0.0142458862598341,,,12.370223547949276
134,1,-0.1191630889882132,,,,,,,,,,,,,-0.5,0.1871052934027964,,,0,0.2556290606696104,,,-0.5,-0.2843054849324723,-0.5,-0.0378273995034708,1,0.3716613760387801,,,,,,,,,12.021362261407383
135,1,-0.3293910934755432,,,1,-0.3336591071535624,1,-0.3096762845641559,,,,,,,-0.5,0.2318422555233085,,,0,0.2360248700244533,,,-1,0.0029847859658267,-0.5,-0.1063794448243178,1,0.3841444151935,,,,,1,0.2006747391825821,,,12.152562353560693
136,1,-0.2317294090777138,,,,,1,-0.369117811420376,,,,,,,0,-0.6775676135833548,3,0.2191637963957381,-2,-1.23387900154e-06,0.5,1.579154380686449,-2,4.05843756994e-07,,,1,0.5057073943943093,1,-0.5902027035465905,1,-0.2865896886621893,1,0.2151763619102024,,,11.67484416659185
137,3,-0.0020303961596902,,,,,1,-0.1939887339302372,,,,,,,-0.5,0.2223327289654625,,,0,0.2340893592073979,,,-1,0.0030098855870673,-0.5,-0.1020375396149282,1,0.3489570587751061,,,,,1,0.1485225372092726,,,11.887254189762324
138,1,-0.3078404484990308,,,,,1,-0.202105617005475,,,,,,,-0.5,0.185976564900342,2,-7.797565462835271,0,0.2816523544908191,,,,,,,1,0.2325329836203237,,,,,3,0.0158023683833906,,,11.870671856741968
139,1,-0.3132301934031052,,,1,-0.3362839203526624,1,-0.1789605628659291,,,1,-0.583813556858676,,,-0.5,0.2167930471202731,,,-0.5,-0.041732850055684,,,1,1.144725441573635,,,1,0.2412419020047863,,,,,,,,,12.488396742131634
140,2,0.269195714155595,2,-0.1349884113740341,1,-0.4327011632204922,1,-0.2075870124332685,,,1,-0.500072934565726,,,0,-0.6777645722817585,1,1.174105058072411,-0.5,-0.0464066101412432,,,,,,,1,0.2912842499946122,,,,,0,0.3515386193050287,,,12.77273115153569
141,1,-0.1992476390488397,,,,,3,-0.0107699169214447,,,1,-0.4308951883356552,1,-0.286146435945673,-0.5,0.2068461232183437,2,-7.200597530829399,0,0.1625664167940331,3,0.8396848232391215,,,,,1,0.2545267130727523,,,,,1,0.1853875070901868,,,12.236823101515292
142,1,-0.1787598656970446,,,,,1,-0.2628513819962905,,,1,-0.5176976814794629,,,-0.5,0.2331189242005116,,,-0.5,-0.0427224469120732,3,1.477818206795635,1,1.022016335766095,,,1,0.3769681511401886,1,-0.2823167292689742,1,-0.1380133238451535,1,0.2351116330749377,,,12.1438793440313
143,1,-0.1447706011331354,,,,,1,-0.1902860833833577,,,,,,,0,-0.6414844816242367,3,0.1863754873561526,0,0.244643267500245,,,,,,,1,0.3064397726554099,,,,,,,,,11.797304111944005
144,1,-0.2003129480188909,,,,,1,-0.23119186811344,,,1,-0.7104609976322589,,,0,-0.5799848883569944,3,0.192961697919978,-0.5,-0.0446267218585668,,,,,,,1,0.2022637899397911,,,,,-2,-0.005009709763164,3,0.0170758272386504,12.393899421168758
145,1,-0.1324988434145836,,,1,-0.2484095027837751,1,-0.2083681988041805,,,1,-0.3110387318352216,,,-0.5,0.2501966398498804,,,0,0.3050191229186637,,,,,,,1,0.2812462973618952,,,,,,,,,12.312627386116894
146,1,-0.1729567745344465,,,,,,,,,,,,,0,-0.5537626008691969,3,0.14764138149408,0,0.1956445892539072,,,-0.5,-0.2833461447752089,-0.5,-0.0374462708366853,1,0.3924288743600774,,,,,3,0.0133163399667274,,,11.818208859442281
147,1,-0.1719781372758384,,,,,1,-0.2782205555465566,,,,,,,-2,3.19869453503e-05,0,-0.4936092718523952,0,0.2557348478318455,,,-1,0.0010443562388897,0,0.2251366268710557,1,0.191567774484959,,,,,1,0.1511740098524482,,,12.054386321043602
148,1,-0.2752650115077918,,,1,-0.2768434586279372,1,-0.2696583579253965,,,1,-0.4799484608912394,,,0.5,-6.724612060783926,3,0.7023435319165786,-1,-0.000886945109138,1,1.479986260108257,,,,,,,,,,,3,0.014040338048081,,,12.43091242076778
149,-2,-203.277341549584,-2,203.2942022966164,1,-0.4849043683496422,1,-0.2776502213112468,,,1,-0.5434318281986719,,,-0.5,0.218982724937791,,,0,0.2101580628377503,,,-1,0.0023891837393865,-0.5,-0.0761958097506837,1,0.3849297540482577,,,,,1,0.2088179482271793,,,12.7360664265556
150,3,-0.0028832381787649,,,,,1,-0.2571541644979354,,,,,,,-0.5,0.2246027703377253,,,0,0.2655011924735854,,,,,,,1,0.3020649742003868,,,,,1,0.2179339562906822,,,11.853154258428683
151,3,-0.0022954044097106,,,,,1,-0.2342783998211619,,,1,-0.4688184125004296,1,-0.257540530925281,0,-0.6216591836343729,3,0.1644798066509267,-0.5,-0.0353749095459126,,,1,0.8869780816063687,,,1,0.3154269656450568,,,,,1,0.1902003077118089,,,12.242269637268674
152,,,,,,,1,-0.2454611603758345,,,,,,,0,-0.7388127349347224,1,1.069676935588981,0,0.2820682942948362,,,,,,,1,0.5044934083243423,1,-0.2056984557206019,1,-0.6533723550431376,,,,,11.837576188504615
153,1,-0.2353437448320996,,,,,1,-0.2456416743675035,,,1,-0.5225175754703388,,,0,-0.6551112218557711,3,0.1864287282144113,0,0.2119365098747331,,,,,,,1,0.446716526903678,,,,,1,0.1601888812884789,,,12.156400698647206
154,1,-0.1705333070118803,,,,,1,-0.1666980835902163,,,1,-0.3016051980628122,,,-0.5,0.2117161223424835,3,-9.545232908670695,0,0.254623186563692,,,,,,,1,0.404586663823185,,,,,-0.5,-0.3949737665096246,,,12.18639715869077
155,1,-0.2648744613659483,,,,,1,-0.308426680990008,,,,,,,0,-0.7049059523336243,,,0,0.2790429377608327,,,,,,,1,0.2396341550523649,,,,,1,0.2638414577213511,,,11.83280148914059
156,-2,-177.5176645123054,-2,184.5268651093849,1,-0.4885530978793135,3,-0.0133040312734008,,,1,-0.7575414574918063,,,-0.5,0.2091095892929124,3,-7.573136688202949,-0.5,-0.0472301655283704,,,-0.5,0.0555391416141151,0,0.3098775130001775,1,0.3953275453118513,,,,,3,0.0165748228837852,,,12.974877945846574
157,1,-0.1772483556195837,,,,,1,-0.239479712224605,,,,,1,-0.2432706178310909,-0.5,0.2142631718384134,,,0,0.2610959897364197,,,,,,,1,0.3947270673106063,,,,,1,0.2456021693460291,,,11.816605774431368
158,1,-0.0875886615259392,,,,,1,-0.3167528733540004,,,1,-0.5457141374082598,,,-0.5,0.2124925845710645,2,-5.050780378569983,-0.5,-0.0469062141805771,,,1,1.0558803376296,,,1,0.3560130145180852,1,-0.2317560717093522,1,-0.5600557101257101,1,0.1409970265533357,,,12.31778491046123
159,-2,-190.3439383003734,-2,188.9555116299577,1,-0.4332933762497089,,,,,1,-0.6026308783226928,,,-0.5,0.2145105355894937,3,-7.808049943083598,-0.5,-0.046449975109459,,,1,0.8864592926441845,,,1,0.2725860364727986,1,0.1868863807110905,1,0.5139841511196405,-1,-0.1495860609065405,3,0.0081426110616804,12.703355783854343
160,1,-0.2001809089726835,,,,,1,-0.2628700106905342,,,,,,,-0.5,0.2240033207886878,,,0,0.243527399385574,,,1,-1.239515053043131,1,-2.502911502390179,1,0.4113862519557643,,,,,1,0.2108847130333927,,,11.789270194733627
161,3,-0.0034762761374687,,,1,-0.3434253523837652,1,-0.2242298105718809,,,1,-0.6972011620044413,,,-0.5,0.2111322170259441,,,-0.5,-0.0427414343004768,,,1,0.9318464868399287,,,1,0.293856336822666,,,,,-1,-0.0717763200168669,3,0.0182720481492646,12.620607360620117
162,3,-0.0020560197040603,,,,,1,-0.2167546103896852,,,1,-0.3957396437155317,,,-0.5,0.177344526240275,,,-0.5,-0.0363458256025774,3,1.593167963082073,1,0.5970555567101009,,,1,0.285461591529129,,,,,1,0.1311873131828714,,,12.084370956433354
163,-2,-164.2623835142089,-2,159.3584127054826,,,1,-0.2242205784174194,,,1,-0.445110235670046,,,-0.5,0.1956693093261704,3,-8.514136282725516,-0.5,-0.0465082211804266,3,0.7545883102273361,1,0.8101431185925934,,,1,0.3402013786070243,,,,,3,0.0135317569463609,,,12.135493584431108
164,1,-0.1353793420670713,,,,,3,-0.0120886377030834,,,1,-0.4855047148409655,,,-0.5,0.2227896532209649,3,-11.18380758501464,-0.5,-0.0615553794456357,3,1.241921617781039,,,,,1,0.3147373312247964,1,-0.1993509637865315,1,-0.4841103138264269,1,0.2484770866208139,,,12.32392679395323
165,1,-0.1649687727931396,,,,,1,-0.1995984105673452,,,,,,,0,-0.5914267189163853,3,0.1452508680341012,0,0.1927510514981094,,,-1,-0.0189904014234466,-1,-0.0027209403929301,1,0.6315872607288012,,,,,1,0.1244699976581663,,,11.75093886530368
166,1,-0.2500112587412209,,,,,1,-0.2257146890038835,,,1,-0.3451567888934626,,,-0.5,0.2389985347671363,,,0,0.1356487560026187,,,1,0.724265610297482,,,1,0.4767698448584378,,,,,1,0.2384784660084739,,,11.900328232073855
167,1,-0.2263919853723146,,,,,1,-0.2200615118532446,,,1,-0.523882915280397,,,-0.5,0.1947144447785666,2,-5.032206574646189,0,0.1802897453755321,,,1,0.7159928174168642,,,1,0.3861423864040172,,,,,-2,-0.0045140822010689,3,0.0127062557481005,12.207423554042816
168,-2,-98.30342003947649,-2,103.2460546068011,,,1,-0.3349237357122675,,,1,-0.5077705773401221,,,-0.5,0.2055492901372158,3,-8.27019013140228,-0.5,-0.0418657217438162,,,,,,,1,0.3327626743226183,,,,,3,0.0172550273179494,,,12.167586912253048
169,1,-0.2518964851705765,,,,,1,-0.2384225499269263,,,1,-0.286705241593572,,,-0.5,0.2172446066945688,3,-8.257377868012176,0,0.2308115743527928,,,1,0.6516416027750734,,,1,0.3460045314993766,,,,,1,0.1289443229884276,,,12.084743394181691
170,1,-0.290594265506129,,,,,1,-0.2207927960231335,,,1,-0.3875661904819358,,,0,-0.9807605347993448,0.5,2.634297387145821,0,0.2808620463518966,,,,,,,1,0.3247858227223799,,,,,1,0.2699396569311311,,,12.070758673254215
171,3,-0.003328786105794,,,1,-0.3047538298330355,1,-0.3216400199868664,,,1,-0.3291841822078039,,,-0.5,0.2371266146121694,,,0,0.3073668318053859,,,,,,,1,0.4335047785966359,1,-0.3604513123593354,1,-0.323556213770992,1,0.2244307993417645,,,12.455504400705838
172,1,-0.1826612484821335,,,,,1,-0.1918060533046498,,,1,-0.3589680164724255,,,-0.5,0.2075871926066305,,,0,0.260795668970821,,,,,,,,,,,,,-2,-0.0099272941301473,3,0.0096123516379532,12.245682695622243
173,3,-0.0027692747610385,,,,,1,-0.2709356169597316,,,1,-0.3701829360423259,,,0.5,-4.779430039850015,3,0.4594687392808638,0,0.2313097425899682,,,,,,,1,0.3002422306216417,,,,,1,0.1687206606735311,,,12.45622102065283
174,3,-0.0045408973375879,,,1,-0.4837666084538442,1,-0.2494758369527583,,,1,-0.5223988783331733,,,0,-0.6892040718773723,3,0.1892090770218072,0,0.2324041087223293,,,-2,8.61069198513e-07,0,0.1324284617943686,1,0.4625996801801034,,,,,1,0.1229128858614177,,,12.631690312177314
175,3,-0.0022794174559534,,,,,1,-0.1909108485359891,,,1,-0.4921247706637203,,,0,-0.6475725481035511,3,0.1888153413084536,0,0.2258479922988841,,,,,,,1,0.3928115717099531,,,,,3,0.0156838238883549,,,12.159381231210265
176,3,-0.0040939800036195,,,1,-0.2833526208671801,1,-0.2801219592081197,,,1,-0.4204227401059585,1,-0.2393905174142383,0.5,-4.928748425944864,3,0.4933196393923888,-2,-1.02084412635e-06,1,1.253848855050642,,,,,1,0.2791439133208912,,,,,-2,0.2160101612623187,1,0.4309317721717453,12.540612444164667
177,1,-0.2216254546422591,,,,,3,-0.0082994781240314,,,1,-0.8048156901775393,,,-0.5,0.2143657935932832,,,-0.5,-0.0359305108279526,,,1,1.312926332791959,,,1,0.2936804006861482,,,,,1,0.3059829573103637,,,12.45992236066084
178,3,-0.0025281218411714,,,,,1,-0.257101140660391,,,,,,,0,-0.9680900488898884,0.5,2.703790347055165,0,0.2852307424443669,,,,,,,1,0.244605925243769,,,,,-2,-0.0102683814165689,3,0.0108207275439465,11.785404208092281
179,1,-0.2510979986516026,,,,,1,-0.2247295398757777,,,,,,,0,-0.6804693037149048,,,0,0.2299284464420721,,,1,0.5976610144517087,,,1,0.3673375211385268,,,,,1,0.1571014152500077,,,11.766646287440725
180,1,-0.2693389272949105,,,,,,,,,1,-0.4668192034175391,,,0,-0.6495901224779719,3,0.2082619196788954,-2,-7.49615825889e-07,1,1.463933609928388,,,,,1,0.3034444376683484,,,,,1,0.2508822719139863,,,12.152653933456177
181,1,-0.2419640482422751,,,,,3,-0.0116535823164942,,,1,-0.5330686542386365,,,0,-0.9495308900583715,0.5,2.627989985927916,0,0.2177291894423286,,,-1,0.0027225939415558,-0.5,-0.1005019332725752,1,0.2998688170548351,,,,,1,0.2126351189364431,,,12.39573601974736
182,3,0.0296508799793635,3,-0.015274436868062,1,-0.2613215294533491,2,-0.0370824572212643,,,1,-0.3679634480019047,,,-0.5,0.2343645869813312,,,0,0.2579982322778343,,,,,,,1,0.3042099117026435,,,,,1,0.1746599030956189,,,12.479100903003417
183,1,-0.2272494440502504,,,,,1,-0.241571418409666,,,1,-0.4210252810428131,,,-0.5,0.2241234047606392,,,0,0.2175340866304852,,,,,,,1,0.268443829811754,,,,,3,0.0110981440704079,,,12.086769735647952
184,3,-0.0026094993096136,,,,,3,-0.0119792287099527,,,1,-0.4121656849112155,1,-0.2711483051077985,-0.5,0.221381513332848,,,-0.5,-0.0407755521526867,,,1,0.7229415133266538,,,1,0.3763107715552782,,,,,1,0.1929466835604734,,,12.154900918121136
185,-2,-167.0010028640099,-2,181.0223461558055,1,-0.5681269289586475,1,-0.2584360727422564,,,,,,,0,-0.8383219854267702,3,0.2572095300647819,0,0.2932238135343718,,,,,,,1,0.3070343354901508,,,,,-0.5,-0.3659441725814772,,,12.214108194079465
186,1,-0.264666876037126,,,,,1,-0.2107901640075506,,,1,-0.7574900607933238,,,-2,4.56169921681e-05,0,-0.3266328471276111,-0.5,-0.0325753891524109,,,1,1.491853823322944,,,1,0.2493681226506531,,,,,1,0.2895566162199029,,,12.447685749713273
187,1,-0.1984445855658304,,,,,1,-0.2863844582174068,,,,,,,-0.5,0.2145886208299717,3,-12.02647594466916,0,0.2882207170910817,,,,,,,1,0.2913175773394229,1,-0.4188365460917632,1,-0.3480355747972573,3,0.0106028453886534,,,11.84830452214393
188,3,-0.0015107156151931,,,,,1,-0.255102175575832,,,,,,,-0.5,0.2466675912726668,3,-10.7929816709126,0,0.287197713532187,3,0.8913376127168715,-1,0.0005772915021774,,,1,0.3979191099389124,,,,,,,,,11.71337000018242
189,1,-0.2313829600740996,,,,,1,-0.2115657514997206,,,1,-0.5625103031058537,,,-0.5,0.2017151352388275,3,-10.9632802417725,0,0.2289047737722001,,,,,,,1,0.3788406064383246,,,,,1,0.2773665621190306,,,12.331167883997432
190,1,-0.128209419156137,,,,,1,-0.2229768154863693,,,1,-0.3641224167645564,,,-0.5,0.1575553884328719,3,-9.787255489451356,-0.5,-0.0318373343408102,3,1.838290393709965,1,1.270062253423938,,,,,,,,,3,0.0148522010772368,,,12.126897969469107
191,3,-0.0038520158732159,,,1,-0.4024863758397663,3,-0.012192226300786,,,,,,,-0.5,0.1919259570720464,3,-8.153636570322286,0,0.2295204802120388,,,1,0.6517121575175957,,,,,,,,,1,0.2874981474169556,,,12.44816837419207
192,1,-0.189707682200726,,,,,1,-0.1990265310834429,,,1,-0.3963797708366018,,,0,-0.8578049873000628,0.5,2.520777714194132,-0.5,-0.044692066407582,,,1,0.932953760753892,,,1,0.2640502927632829,,,,,1,0.1246176716873425,,,11.986136895369771
193,,,,,1,0.2829930228462107,,,,,1,-0.5172246947342004,,,-0.5,0.1819325018135969,2,-5.624322300503408,0,0.268673105244935,,,,,,,1,0.2538349741729534,,,,,1,0.2219935193429494,,,12.186412902227833
194,3,-0.0030288084357491,,,1,-0.348065125601488,1,-0.2870425719545638,,,1,-0.585669943337809,,,-0.5,0.232658918810993,,,0,0.2102725325797724,,,1,0.7063355044858098,,,1,0.3938892810300542,,,,,1,0.193743479307307,,,12.415592866318798
195,1,-0.2626055965464658,,,,,1,-0.2877513422299237,,,,,,,0,-0.6051926785296758,3,0.1789081661376828,-2,-8.73988731854e-07,0.5,1.778314149468366,,,,,1,0.4344858264360993,1,-0.3390744969770988,1,-0.2652217228869012,1,0.1784614496979275,,,11.83008924821909
196,1,-0.2094409545681626,,,,,1,-0.2585589620226017,,,1,-0.435914313844971,,,-0.5,0.2377370903128991,,,0,0.2476529439768174,,,,,,,1,0.3759884941241412,,,,,1,0.1627214323004669,,,12.060138530630146
197,1,-0.2184477847518691,,,,,1,-0.1685818319488127,,,,,,,-1,0.0128673929336681,2,-8.031360815811869,0,0.2572957058016259,,,,,,,1,0.2867827797568355,,,,,3,0.0155305158306986,,,11.902609319169597
198,3,-0.002050109921786,,,,,1,-0.1903567972093178,,,,,,,-0.5,0.2406373777611207,,,0,0.2625268324702975,,,,,,,1,0.4477505464729621,,,,,1,0.1438378737943808,,,11.749354140639921
199,1,-0.2072676863715864,,,,,1,-0.1915832830931177,,,1,-0.5009833934698228,,,-0.5,0.1836874149256724,,,0,0.2075854167740073,,,1,0.7457992020503419,,,1,0.1860251955336447,,,,,1,0.257565020234444,,,12.355198049868894
200,-2,-70.74506261192944,-0.5,29.37239446345079,,,1,-0.2321194680669491,,,1,-0.4906448755053142,,,-0.5,0.200250644868269,3,-7.506846306686237,0,0.1780387852230851,,,1,0.7250281257831237,,,1,0.287292804181396,,,,,1,0.2515805387289645,,,12.337981145487309
